{"cameraMode":{"drawMode":0,"name":"Shaded","section":"Shading Mode"},"sceneLighting":false,"audioPlay":false,"sceneViewState":{"m_AlwaysRefresh":false,"showFog":true,"showSkybox":false,"showFlares":true,"showImageEffects":true,"showParticleSystems":true,"showVisualEffectGraphs":true,"m_FxEnabled":false},"in2DMode":false,"pivot":{"x":0.4706900119781494,"y":2.0726101398468019,"z":1.7074484825134278},"rotation":{"x":0.21073822677135468,"y":0.07761786133050919,"z":-0.016793105751276017,"w":0.9743306636810303},"size":6.525148868560791,"orthographic":false}