{"cameraMode":{"drawMode":0,"name":"Shaded","section":"Shading Mode"},"sceneLighting":true,"audioPlay":false,"sceneViewState":{"m_AlwaysRefresh":false,"showFog":true,"showSkybox":true,"showFlares":true,"showImageEffects":true,"showParticleSystems":true,"showVisualEffectGraphs":true,"m_FxEnabled":false},"in2DMode":false,"pivot":{"x":101.10000610351563,"y":328.70001220703127,"z":-0.00000762939453125},"rotation":{"x":-0.3073260188102722,"y":0.03738028556108475,"z":-0.012161262333393097,"w":-0.9508681297302246},"size":142.08563232421876,"orthographic":false}