{"cameraMode":{"drawMode":0,"name":"Shaded","section":"Shading Mode"},"sceneLighting":false,"audioPlay":false,"sceneViewState":{"m_AlwaysRefresh":false,"showFog":true,"showSkybox":false,"showFlares":true,"showImageEffects":true,"showParticleSystems":true,"showVisualEffectGraphs":true,"m_FxEnabled":false},"in2DMode":false,"pivot":{"x":-0.0292741060256958,"y":1.8330016136169434,"z":-0.020002007484436036},"rotation":{"x":0.21073822677135468,"y":0.07761786133050919,"z":-0.016793105751276017,"w":0.9743306636810303},"size":2.9634909629821779,"orthographic":false}